"","id","julian","year","min_after_sun","observer","tempf","sky","hear"
"1","KOUG_4_19_16",130,2019,1,"KW",38,"0",2
"2","KOUG_4_19_19",130,2019,68,"KW",39,"0",2
"3","KOUG_4_19_21",130,2019,104,"KW",38,"0",3
"4","KOUG_4_19_1",131,2019,-34,"DS",37,"0",1
"5","KOUG_4_19_6",131,2019,21,"DS",37,"0",1
"6","KOUG_4_19_12",131,2019,74,"DS",38,"1",1
"7","KOUG_4_19_8",131,2019,113,"DS",37,"1",1
"8","KOUG_4_19_11",131,2019,163,"DS",39,"1",1
"9","KOUG_4_19_7",131,2019,202,"DS",39,"1",2
"10","KOUG_4_19_10",131,2019,247,"DS",39,"0",0
"11","KOUG_4_19_15",131,2019,292,"DS",41,"0",0
"12","TELL_5_16_24",132,2019,-16,"KW",36,"2,3,4",0
"13","TELL_5_16_26",132,2019,37,"KW",34,"2,3,4",0
"14","TELL_5_16_25",132,2019,98,"KW",37,"2,3,4",0
"15","TELL_5_16_23",132,2019,163,"KW",37,"2,3,4",0
"16","TELL_5_16_20",132,2019,203,"KW",28,"2,3,4",0
"17","TELL_5_16_22",132,2019,248,"KW",36,"2,3,4",1
"18","KOUG_4_6_13",133,2019,-9,"DS",36,"2",1
"19","KOUG_4_6_18",133,2019,30,"DS",37,"2",0
"20","KOUG_4_6_29",133,2019,109,"DS",39,"2",0
"21","KOUG_4_6_24",133,2019,72,"DS",38,"2",1
"22","KOUG_4_6_32",133,2019,154,"DS",36,"2",1
"23","KOUG_4_6_34",133,2019,199,"DS",36,"2",2
"24","KOUG_4_6_31",133,2019,242,"DS",37,"2,3,4",3
"25","KOUG_4_6_28",133,2019,282,"DS",37,"2,4",1
"26","KOUG_4_6_23",133,2019,337,"DS",40,"2",0
"27","TELL_4_4_12",134,2019,-8,"KW",38,"0",0
"28","TELL_4_4_8",134,2019,39,"KW",36,"0",0
"29","TELL_4_4_4",134,2019,88,"KW",41,"0",0
"30","TELL_4_4_9",134,2019,133,"KW",39,"0",1
"31","TELL_4_4_14",134,2019,179,"KW",40,"0",1
"32","TELL_4_4_18",134,2019,214,"KW",40,"1",1
"33","TELL_4_4_21",134,2019,251,"KW",46,"1",0
"34","TELL_4_4_24",134,2019,283,"KW",51,"0",1
"35","TELL_4_4_26",134,2019,334,"KW",42,"1",2
"36","TELL_4_4_23",134,2019,359,"KW",41,"1",2
"37","COUN_3_12_1",135,2019,-2,"DS",41,"1",0
"38","COUN_3_12_4",135,2019,34,"DS",39,"1",1
"39","COUN_3_12_7",135,2019,71,"DS",39,"1",1
"40","COUN_3_12_9",135,2019,114,"DS",41,"1",0
"41","COUN_3_12_11",135,2019,158,"DS",42,"1",0
"42","COUN_3_12_13",135,2019,199,"DS",41,"1",2
"43","COUN_3_12_10",135,2019,254,"DS",41,"1",1
"44","COUN_3_12_8",135,2019,292,"DS",40,"1",2
"45","COUN_3_12_6",135,2019,323,"DS",41,"1",2
"46","KOUG_4_21_5",137,2019,-31,"KW",39,"0",1
"47","KOUG_4_21_8",137,2019,4,"KW",43,"0",0
"48","KOUG_4_21_12",137,2019,52,"KW",48,"0",0
"49","KOUG_4_21_15",137,2019,91,"KW",48,"0",0
"50","KOUG_4_21_18",137,2019,136,"KW",42,"0",1
"51","KOUG_4_21_22",137,2019,167,"KW",43,"0",0
"52","KOUG_4_21_17",137,2019,213,"KW",47,"0",0
"53","KOUG_4_21_21",137,2019,251,"KW",46,"0",2
"54","KOUG_4_21_26",137,2019,291,"KW",43,"0",2
"55","KOUG_4_21_20",137,2019,319,"KW",43,"0",0
"56","KOUG_4_21_16",137,2019,350,"KW",57,"0",0
"57","KOUG_4_21_14",137,2019,376,"KW",43,"0",1
"58","COUN_5_12_1",138,2019,23,"DS",39,"2",1
"59","COUN_5_12_2",138,2019,69,"DS",40,"2",1
"60","COUN_5_12_5",138,2019,108,"DS",40,"2",1
"61","COUN_5_12_9",138,2019,148,"DS",41,"2",1
"62","COUN_5_12_14",138,2019,179,"DS",41,"2,3,4",1
"63","COUN_5_12_10",138,2019,215,"DS",40,"2,3,4",1
"64","COUN_5_12_7",138,2019,248,"DS",40,"2,3,4",1
"65","COUN_4_10_10",139,2019,10,"KW",38,"2",0
"66","COUN_4_10_15",139,2019,48,"KW",40,"2",0
"67","COUN_4_10_11",139,2019,113,"KW",40,"0",1
"68","COUN_4_10_16",139,2019,144,"KW",39,"0",1
"69","COUN_4_10_12",139,2019,178,"KW",42,"0",1
"70","COUN_4_10_8",139,2019,213,"KW",43,"0",2
"71","COUN_4_10_4",139,2019,248,"KW",41,"0",2
"72","COUN_4_10_7",139,2019,288,"KW",43,"0",2
"73","COUN_4_10_6",139,2019,337,"KW",45,"0",1
"74","TELL_5_23_2",140,2019,2,"DS",46,"1",3
"75","TELL_5_23_4",140,2019,44,"DS",46,"1",2
"76","TELL_5_23_6",140,2019,83,"DS",45,"1",1
"77","TELL_5_23_10",140,2019,131,"DS",44,"1",1
"78","TELL_5_23_14",140,2019,169,"DS",46,"1",1
"79","TELL_5_23_11",140,2019,200,"DS",46,"1",2
"80","TELL_5_23_8",140,2019,229,"DS",47,"1",2
"81","TELL_5_23_5",140,2019,280,"DS",53,"1",1
"82","TELL_5_23_3",140,2019,317,"DS",51,"1",2
"83","TELL_5_23_1",140,2019,353,"DS",49,"1",1
"84","TELL_3_1_1",142,2019,-11,"KW",36,"2",1
"85","TELL_3_1_5",142,2019,26,"KW",36,"2",1
"86","TELL_3_1_9",142,2019,62,"KW",36,"2",1
"87","TELL_3_1_13",142,2019,96,"KW",37,"2",1
"88","TELL_3_1_16",142,2019,125,"KW",37,"2",1
"89","TELL_3_1_20",142,2019,155,"KW",37,"2",1
"90","TELL_3_1_17",142,2019,187,"KW",38,"2",1
"91","TELL_3_1_21",142,2019,216,"KW",38,"2",1
"92","TELL_3_1_18",142,2019,251,"KW",39,"2",1
"93","TELL_3_1_14",142,2019,289,"KW",40,"1",0
"94","TELL_3_1_10",142,2019,331,"KW",44,"1",1
"95","COUN_4_14_23",145,2019,11,"DS",33,"0",1
"96","COUN_4_14_25",145,2019,44,"DS",33,"0",0
"97","COUN_4_14_24",145,2019,81,"DS",34,"0",0
"98","COUN_4_14_21",145,2019,112,"DS",36,"0",0
"99","COUN_4_14_18",145,2019,153,"DS",39,"0",0
"100","COUN_4_14_15",145,2019,185,"DS",40,"0",0
"101","COUN_4_14_11",145,2019,220,"DS",43,"0",0
"102","COUN_4_14_14",145,2019,254,"DS",45,"0",1
"103","COUN_4_14_17",145,2019,288,"DS",47,"0",0
"104","COUN_4_14_20",141,2019,165,"DS",38,"2",1
"105","KOUG_3_20_3",147,2019,-7,"KW",39,"2",1
"106","KOUG_3_20_6",147,2019,39,"KW",40,"2",0
"107","KOUG_3_20_9",147,2019,75,"KW",38,"2",1
"108","KOUG_3_20_13",147,2019,113,"KW",39,"2",1
"109","KOUG_3_20_17",147,2019,161,"KW",42,"2",0
"110","KOUG_3_20_20",147,2019,191,"KW",47,"1",0
"111","KOUG_3_20_16",147,2019,238,"KW",50,"2",0
"112","KOUG_3_20_11",147,2019,275,"KW",56,"2",0
"113","KOUG_3_20_8",147,2019,311,"KW",42,"1",0
"114","KOUG_3_20_5",147,2019,339,"KW",50,"2",0
"115","TELL_4_18_21",148,2019,17,"DS",40,"2",0
"116","TELL_4_18_22",148,2019,55,"DS",37,"2",0
"117","TELL_4_18_20",148,2019,90,"DS",36,"2",0
"118","TELL_4_18_18",148,2019,124,"DS",35,"2,3",1
"119","TELL_4_18_17",148,2019,167,"DS",34,"2,3",0
"120","TELL_4_18_16",148,2019,196,"DS",34,"2,3",0
"121","TELL_4_18_13",148,2019,224,"DS",36,"2,3",0
"122","TELL_4_18_15",148,2019,256,"DS",38,"2,3",0
"123","TELL_4_18_19",148,2019,310,"DS",36,"2,3",0
"124","TELL_2_22_14",149,2019,6,"KW",37,"1",1
"125","TELL_2_22_12",149,2019,44,"KW",38,"2",1
"126","TELL_2_22_10",149,2019,89,"KW",50,"2",1
"127","TELL_2_22_11",149,2019,138,"KW",47,"2",0
"128","TELL_2_22_13",149,2019,194,"KW",41,"2",0
"129","TELL_2_22_15",149,2019,232,"KW",36,"2",1
"130","TELL_2_22_17",149,2019,267,"KW",43,"1",2
"131","TELL_2_22_19",149,2019,306,"KW",44,"2",2
"132","TELL_2_22_18",149,2019,336,"KW",47,"1",2
"133","TELL_2_22_16",149,2019,369,"KW",48,"2",1
"134","COUN_3_19_3",150,2019,11,"DS",41,"2",3
"135","COUN_3_19_7",150,2019,49,"DS",41,"2",2
"136","COUN_3_19_11",150,2019,90,"DS",41,"1",2
"137","COUN_3_19_14",150,2019,129,"DS",39,"1",2
"138","COUN_3_19_17",150,2019,167,"DS",41,"1",1
"139","COUN_3_19_19",150,2019,206,"DS",43,"2",1
"140","COUN_3_19_16",150,2019,239,"DS",42,"1",1
"141","COUN_3_19_13",150,2019,281,"DS",43,"1",2
"142","COUN_3_19_10",150,2019,311,"DS",45,"1",2
"143","COUN_3_19_6",150,2019,345,"DS",49,"1",1
"144","TELL_4_9_24",151,2019,8,"KW",43,"1",0
"145","TELL_4_9_21",151,2019,47,"KW",45,"1",0
"146","TELL_4_9_18",151,2019,77,"KW",51,"1",1
"147","TELL_4_9_15",151,2019,105,"KW",50,"1",0
"148","TELL_4_9_12",151,2019,134,"KW",52,"0",0
"149","TELL_4_9_7",151,2019,164,"KW",49,"1",1
"150","TELL_4_9_3",151,2019,197,"KW",47,"1",1
"151","TELL_4_9_6",151,2019,247,"KW",46,"2",0
"152","TELL_4_9_10",151,2019,278,"KW",49,"2",0
"153","TELL_4_9_17",151,2019,315,"KW",53,"2",0
"154","TELL_3_21_1",152,2019,-15,"DS",49,"2",0
"155","TELL_3_21_2",152,2019,13,"DS",50,"2",1
"156","TELL_3_21_4",152,2019,50,"DS",50,"2",0
"157","TELL_3_21_6",152,2019,78,"DS",48,"2",1
"158","TELL_3_21_9",152,2019,113,"DS",49,"2",2
"159","TELL_3_21_8",152,2019,156,"DS",45,"2",1
"160","TELL_3_21_10",152,2019,186,"DS",44,"2",3
"161","TELL_3_21_7",152,2019,219,"DS",47,"2",2
"162","TELL_3_21_5",152,2019,258,"DS",49,"2",1
"163","TELL_3_21_3",152,2019,287,"DS",50,"2",0
"164","KOUG_1_3_17",154,2019,-3,"KW",36,"1",0
"165","KOUG_1_3_15",154,2019,40,"KW",42,"1",0
"166","KOUG_1_3_13",154,2019,94,"KW",44,"1",0
"167","KOUG_1_3_11",154,2019,123,"KW",49,"2",0
"168","KOUG_1_3_8",154,2019,155,"KW",50,"2",0
"169","KOUG_1_3_6",154,2019,185,"KW",50,"2",0
"170","KOUG_1_3_3",154,2019,216,"KW",53,"2",0
"171","KOUG_1_3_5",154,2019,249,"KW",48,"2",0
"172","KOUG_1_3_7",154,2019,286,"KW",48,"2",0
"173","KOUG_1_3_10",154,2019,319,"KW",54,"1",0
"174","KOUG_1_17_14",155,2019,-8,"DS",36,"0",0
"175","KOUG_1_17_11",155,2019,29,"DS",35,"0",0
"176","KOUG_1_17_8",155,2019,70,"DS",40,"0",0
"177","KOUG_1_17_5",155,2019,117,"DS",43,"0",0
"178","KOUG_1_17_2",155,2019,155,"DS",48,"0",0
"179","KOUG_1_17_4",155,2019,194,"DS",55,"0",0
"180","KOUG_1_17_1",155,2019,232,"DS",50,"0",0
"181","KOUG_1_17_3",155,2019,280,"DS",53,"0",0
"182","KOUG_1_17_7",155,2019,318,"DS",57,"0",0
"183","KOUG_1_17_10",155,2019,353,"DS",59,"0",0
"184","COUN_3_10_18",156,2019,-1,"KW",36,"3",2
"185","COUN_3_10_14",156,2019,28,"KW",37,"3",1
"186","COUN_3_10_10",156,2019,76,"KW",32,"3",0
"187","COUN_3_10_13",156,2019,105,"KW",36,"3",0
"188","COUN_3_10_16",156,2019,141,"KW",38,"3",0
"189","COUN_3_10_20",156,2019,177,"KW",37,"3",0
"190","COUN_3_10_25",156,2019,207,"KW",42,"0",1
"191","COUN_3_10_29",156,2019,241,"KW",43,"0",0
"192","COUN_3_10_26",156,2019,289,"KW",45,"0",0
"193","COUN_3_10_22",156,2019,327,"KW",51,"0",0
"194","TELL_1_19_4",158,2019,-1,"DS",33,"2,3",0
"195","TELL_1_19_7",158,2019,29,"DS",34,"2,3",0
"196","TELL_1_19_12",158,2019,62,"DS",34,"2,3",0
"197","TELL_1_19_17",158,2019,98,"DS",33,"2,3",0
"198","TELL_1_19_13",158,2019,129,"DS",34,"2,3",0
"199","TELL_1_19_18",158,2019,157,"DS",33,"3",0
"200","TELL_1_19_21",158,2019,192,"DS",37,"0,3",0
"201","TELL_1_19_19",158,2019,229,"DS",36,"3",0
"202","TELL_1_19_14",158,2019,270,"DS",37,"0,3",0
"203","TELL_1_19_9",158,2019,322,"DS",38,"3",0
"204","TELL_1_19_8",158,2019,355,"DS",39,"3",0
"205","TELL_1_19_5",158,2019,382,"DS",40,"3",0
"206","TELL_1_6_5",159,2019,-12,"KW",29,"3",0
"207","TELL_1_6_8",159,2019,17,"KW",30,"3",1
"208","TELL_1_6_11",159,2019,45,"KW",30,"0,3",0
"209","TELL_1_6_14",159,2019,77,"KW",32,"0",0
"210","TELL_1_6_12",159,2019,107,"KW",35,"0",0
"211","TELL_1_6_10",159,2019,144,"KW",45,"0",0
"212","TELL_1_6_9",159,2019,185,"KW",49,"0",0
"213","TELL_1_6_6",159,2019,212,"KW",42,"0",2
"214","TELL_1_6_2",159,2019,242,"KW",48,"0",0
"215","TELL_1_6_1",159,2019,297,"KW",51,"0",2
"216","TELL_5_10_1",161,2019,4,"DS",53,"0",0
"217","TELL_5_10_2",161,2019,36,"DS",53,"0",2
"218","TELL_5_10_3",161,2019,72,"DS",52,"0",0
"219","TELL_5_10_5",161,2019,107,"DS",54,"0",0
"220","TELL_5_10_9",161,2019,140,"DS",56,"0",1
"221","TELL_5_10_6",161,2019,177,"DS",54,"0",0
"222","TELL_5_10_10",161,2019,208,"DS",55,"0",0
"223","TELL_5_10_7",161,2019,239,"DS",57,"0",0
"224","TELL_5_10_4",161,2019,284,"DS",60,"0",0
"225","COUN_2_17_19",162,2019,-2,"KW",41,"1",1
"226","COUN_2_17_17",162,2019,48,"KW",52,"1",0
"227","COUN_2_17_15",162,2019,84,"KW",53,"1",0
"228","COUN_2_17_13",162,2019,115,"KW",53,"1",0
"229","COUN_2_17_11",162,2019,150,"KW",54,"1",1
"230","COUN_2_17_8",162,2019,179,"KW",55,"1",0
"231","COUN_2_17_10",162,2019,208,"KW",54,"1",1
"232","COUN_2_17_7",162,2019,244,"KW",54,"2",0
"233","COUN_2_17_9",162,2019,292,"KW",52,"1",1
"234","COUN_2_17_14",162,2019,328,"KW",61,"1",0
"235","COUN_1_3_1",163,2019,-13,"DS",44,"2",0
"236","COUN_1_3_4",163,2019,28,"DS",50,"2",0
"237","COUN_1_3_7",163,2019,60,"DS",48,"1",1
"238","COUN_1_3_9",163,2019,90,"DS",48,"1",1
"239","COUN_1_3_12",163,2019,119,"DS",48,"1",0
"240","COUN_1_3_14",163,2019,156,"DS",49,"1",1
"241","COUN_1_3_11",163,2019,197,"DS",52,"1",0
"242","COUN_1_3_8",163,2019,256,"DS",54,"1",1
"243","COUN_1_3_6",163,2019,293,"DS",56,"1",0
"244","COUN_1_3_3",163,2019,323,"DS",56,"1",0
"245","COUN_4_19_1",166,2019,-20,"KW",50,"0",1
"246","COUN_4_19_4",166,2019,20,"KW",51,"0",1
"247","COUN_4_19_5",166,2019,49,"KW",50,"0",1
"248","COUN_4_19_8",166,2019,94,"KW",46,"0",0
"249","COUN_4_19_13",166,2019,133,"KW",48,"0",2
"250","COUN_4_19_16",166,2019,176,"KW",40,"0",2
"251","COUN_4_19_9",166,2019,230,"KW",49,"0",2
"252","COUN_4_19_6",166,2019,300,"KW",55,"0",2
"253","COUN_4_19_2",166,2019,337,"KW",56,"0",3
"254","TELL_2_18_29",169,2019,9,"KW",42,"0",0
"255","TELL_2_18_24",169,2019,43,"KW",44,"0",0
"256","TELL_2_18_20",169,2019,73,"KW",53,"0",0
"257","TELL_2_18_16",169,2019,112,"KW",51,"0",0
"258","TELL_2_18_8",169,2019,155,"KW",48,"0",2
"259","TELL_2_18_12",169,2019,188,"KW",51,"1",1
"260","TELL_2_18_15",169,2019,218,"KW",53,"1",0
"261","TELL_2_18_19",169,2019,248,"KW",57,"0",1
"262","TELL_2_18_23",169,2019,302,"KW",58,"0",0
"263","TELL_2_18_28",169,2019,330,"KW",60,"0",0
"264","KOUG_5_17_5",168,2019,-5,"DS",42,"1",0
"265","KOUG_5_17_7",168,2019,25,"DS",42,"1",0
"266","KOUG_5_17_4",168,2019,56,"DS",41,"0",0
"267","KOUG_5_17_1",168,2019,88,"DS",39,"0",0
"268","KOUG_5_17_3",168,2019,120,"DS",40,"0",0
"269","KOUG_5_17_6",168,2019,150,"DS",44,"0",0
"270","KOUG_5_17_8",168,2019,178,"DS",48,"0",0
"271","KOUG_5_17_11",168,2019,208,"DS",56,"0",0
"272","KOUG_5_17_14",168,2019,237,"DS",60,"0",0
"273","KOUG_5_17_9",168,2019,272,"DS",65,"0",0
"274","TELL_1_3_13",170,2019,3,"DS",53,"0",0
"275","TELL_1_3_17",170,2019,27,"DS",53,"0",0
"276","TELL_1_3_21",170,2019,53,"DS",53,"0",0
"277","TELL_1_3_16",170,2019,79,"DS",55,"0",0
"278","TELL_1_3_20",170,2019,106,"DS",53,"0",0
"279","TELL_1_3_15",170,2019,131,"DS",49,"0",0
"280","TELL_1_3_11",170,2019,167,"DS",57,"0",0
"281","TELL_1_3_8",170,2019,196,"DS",58,"0",0
"282","TELL_1_3_12",170,2019,228,"DS",62,"0",0
"283","TELL_1_3_9",170,2019,256,"DS",62,"0",0
"284","COUN_1_14_20",172,2019,-16,"DS",41,"0",0
"285","COUN_1_14_17",172,2019,15,"DS",44,"2,3",0
"286","COUN_1_14_14",172,2019,44,"DS",43,"2,3",0
"287","COUN_1_14_10",172,2019,73,"DS",41,"2,3",0
"288","COUN_1_14_11",172,2019,109,"DS",41,"2,3",0
"289","COUN_1_14_15",172,2019,141,"DS",43,"1,3",0
"290","COUN_1_14_18",172,2019,186,"DS",48,"3",0
"291","COUN_2_1_5",171,2019,-1,"KW",50,"1",1
"292","COUN_2_1_9",171,2019,30,"KW",56,"1",0
"293","COUN_2_1_12",171,2019,65,"KW",55,"1",0
"294","COUN_2_1_16",171,2019,102,"KW",54,"1",0
"295","COUN_2_1_19",171,2019,132,"KW",54,"1",0
"296","COUN_2_1_17",171,2019,170,"KW",57,"0",0
"297","COUN_2_1_13",171,2019,198,"KW",58,"0",0
"298","COUN_2_1_10",171,2019,225,"KW",59,"0",0
"299","COUN_2_1_6",171,2019,277,"KW",62,"0",0
"300","COUN_2_1_2",171,2019,318,"KW",63,"0",2
"301","KOUG_5_21_21",176,2019,-4,"KW",54,"2",0
"302","KOUG_5_21_22",176,2019,31,"KW",55,"2",0
"303","KOUG_5_21_20",176,2019,59,"KW",56,"2",0
"304","KOUG_5_21_17",176,2019,88,"KW",58,"2",0
"305","KOUG_5_21_19",176,2019,117,"KW",57,"2",0
"306","KOUG_5_21_16",176,2019,154,"KW",55,"2",0
"307","KOUG_5_21_13",176,2019,184,"KW",58,"2",0
"308","KOUG_5_21_11",176,2019,218,"KW",57,"2",0
"309","KOUG_5_21_12",176,2019,251,"KW",55,"2",0
"310","KOUG_5_21_15",176,2019,298,"KW",58,"2",0
"311","KOUG_3_29_22",177,2019,-24,"DS",58,"2",0
"312","KOUG_3_29_20",177,2019,25,"DS",56,"2,4",1
"313","KOUG_3_29_18",177,2019,85,"DS",55,"2,4",1
"314","KOUG_3_29_21",177,2019,122,"DS",56,"2,4",0
"315","KOUG_5_10_6",182,2019,5,"DS",48,"2",0
"316","KOUG_5_10_5",182,2019,38,"DS",47,"2,4",0
"317","KOUG_5_10_2",182,2019,68,"DS",47,"2,4",0
"318","KOUG_5_10_4",182,2019,95,"DS",47,"2,4",0
"319","KOUG_5_10_1",182,2019,123,"DS",47,"2,4",0
"320","KOUG_5_10_3",182,2019,156,"DS",46,"2,4",0
"321","KOUG_5_10_7",182,2019,183,"DS",47,"2,4",0
"322","KOUG_5_10_8",182,2019,218,"DS",47,"2,4",0
"323","KOUG_5_10_11",182,2019,248,"DS",46,"2",1
"324","KOUG_5_10_9",182,2019,276,"DS",47,"2,4",0
"325","COUN_2_15_1",179,2019,9,"KW",56,"0",0
"326","COUN_2_15_2",179,2019,39,"KW",54,"0",1
"327","COUN_2_15_5",179,2019,64,"KW",54,"0",1
"328","COUN_2_15_8",179,2019,89,"KW",59,"0",0
"329","COUN_2_15_13",179,2019,118,"KW",60,"0",0
"330","COUN_2_15_17",179,2019,144,"KW",64,"0",0
"331","COUN_2_15_12",179,2019,176,"KW",67,"0",0
"332","COUN_2_15_16",179,2019,221,"KW",69,"0",0
"333","COUN_2_15_7",179,2019,257,"KW",73,"0",1
"334","COUN_2_15_4",179,2019,299,"KW",65,"0",0
"335","TELL_4_5_11",186,2019,-9,"DS",50,"2,3",0
"336","TELL_4_5_8",186,2019,27,"DS",50,"2,3",0
"337","TELL_4_5_7",186,2019,56,"DS",49,"2,3",0
"338","TELL_4_5_9",186,2019,83,"DS",49,"2,3",0
"339","TELL_4_5_10",186,2019,121,"DS",49,"2,3,4",0
"340","TELL_4_5_12",186,2019,158,"DS",49,"2",0
"341","TELL_4_5_15",186,2019,188,"DS",50,"2,3,4",0
"342","TELL_4_5_18",186,2019,218,"DS",50,"2,3",0
"343","TELL_4_5_14",186,2019,247,"DS",49,"2,3,4",0
"344","COUN_5_2_20",185,2019,-15,"KW",49,"2",0
"345","COUN_5_2_18",185,2019,15,"KW",50,"0",1
"346","COUN_5_2_16",185,2019,50,"KW",48,"2",0
"347","COUN_5_2_19",185,2019,79,"KW",45,"2",0
"348","COUN_5_2_17",185,2019,107,"KW",47,"2",0
"349","COUN_5_2_14",185,2019,139,"KW",47,"3",0
"350","COUN_5_2_11",185,2019,166,"KW",47,"3",0
"351","COUN_5_2_7",185,2019,200,"KW",51,"3,4",0
"352","COUN_5_2_10",185,2019,230,"KW",49,"3",0
"353","COUN_5_2_13",185,2019,258,"KW",48,"3,4",0
"354","KOUG_5_13_5",188,2019,-19,"DS",60,"0",0
"355","KOUG_5_13_9",188,2019,28,"DS",64,"0",0
"356","KOUG_5_13_10",188,2019,71,"DS",62,"0",1
"357","KOUG_5_13_7",188,2019,98,"DS",62,"0",2
"358","KOUG_5_13_4",188,2019,127,"DS",64,"0",2
"359","KOUG_5_13_2",188,2019,159,"DS",62,"0",1
"360","KOUG_5_13_3",188,2019,189,"DS",67,"0",1
"361","KOUG_5_13_6",188,2019,234,"DS",68,"0",1
"362","TELL_2_11_10",192,2019,2,"DS",53,"0",0
"363","TELL_2_11_7",192,2019,32,"DS",52,"0",0
"364","TELL_2_11_9",192,2019,63,"DS",53,"0",1
"365","TELL_2_11_6",192,2019,88,"DS",50,"0",2
"366","TELL_2_11_12",192,2019,119,"DS",55,"0",0
"367","TELL_2_11_16",192,2019,150,"DS",59,"0",0
"368","TELL_2_11_13",192,2019,176,"DS",59,"0",0
"369","TELL_2_11_21",192,2019,206,"DS",62,"0",0
"370","TELL_2_11_17",192,2019,232,"DS",64,"0",0
"371","TELL_2_11_14",192,2019,256,"DS",65,"0",0
"372","KOUG_5_6_25",187,2019,-1,"KW",52,"1",0
"373","KOUG_5_6_29",187,2019,29,"KW",59,"1",0
"374","KOUG_5_6_30",187,2019,68,"KW",62,"1",0
"375","KOUG_5_6_27",187,2019,96,"KW",55,"1",1
"376","KOUG_5_6_23",187,2019,133,"KW",54,"1",1
"377","KOUG_5_6_19",187,2019,166,"KW",59,"1",2
"378","KOUG_5_6_14",187,2019,210,"KW",60,"1",0
"379","KOUG_5_6_18",187,2019,243,"KW",60,"1",0
"380","KOUG_5_6_13",187,2019,290,"KW",68,"1",0
"381","KOUG_5_6_17",187,2019,318,"KW",64,"1",0
"382","KOUG_5_6_21",187,2019,348,"KW",64,"1",0
"383","KOUG_3_21_17",195,2019,-6,"DS",49,"1,3",0
"384","KOUG_3_21_12",195,2019,37,"DS",53,"2",0
"385","KOUG_3_21_16",195,2019,63,"DS",53,"2",0
"386","KOUG_3_21_11",195,2019,95,"DS",51,"2",2
"387","KOUG_3_21_7",195,2019,137,"DS",56,"2",1
"388","KOUG_3_21_3",195,2019,174,"DS",56,"2",0
"389","KOUG_3_21_1",195,2019,208,"DS",59,"1",0
"390","KOUG_3_21_4",195,2019,241,"DS",59,"1",0
"391","KOUG_3_21_9",195,2019,269,"DS",60,"1",0
"392","KOUG_3_21_13",195,2019,297,"DS",63,"1",0
"393","TELL_3_17_27",191,2019,4,"KW",66,"0",0
"394","TELL_3_17_24",191,2019,31,"KW",64,"0",0
"395","TELL_3_17_28",191,2019,59,"KW",63,"0",0
"396","TELL_3_17_25",191,2019,86,"KW",62,"0",0
"397","TELL_3_17_21",191,2019,112,"KW",64,"0",0
"398","TELL_3_17_17",191,2019,140,"KW",69,"0",0
"399","TELL_3_17_13",191,2019,169,"KW",70,"0",0
"400","TELL_3_17_16",191,2019,199,"KW",71,"0",0
"401","TELL_3_17_20",191,2019,228,"KW",73,"0",0
"402","TELL_3_17_23",191,2019,278,"KW",75,"0",0
"403","KOUG_1_15_29",194,2019,-7,"KW",51,"2",0
"404","KOUG_1_15_26",194,2019,26,"KW",54,"2",0
"405","KOUG_1_15_23",194,2019,66,"KW",52,"2,3",0
"406","KOUG_1_15_20",194,2019,102,"KW",53,"2,3",0
"407","KOUG_1_15_24",194,2019,144,"KW",53,"3",0
"408","KOUG_1_15_27",194,2019,182,"KW",53,"2",0
"409","KOUG_1_15_30",194,2019,217,"KW",54,"1",0
"410","TELL_2_22_21",197,2019,-29,"KW",48,"2,3",0
"411","TELL_2_22_23",197,2019,-4,"KW",50,"2,3",0
"412","TELL_2_22_26",197,2019,20,"KW",49,"2,3,",0
"413","TELL_2_22_28",197,2019,44,"KW",49,"2",0
"414","TELL_2_22_31",197,2019,69,"KW",50,"2",0
"415","TELL_2_22_33",197,2019,94,"KW",50,"2,3",0
"416","TELL_2_22_29",197,2019,124,"KW",48,"2,3",0
"417","TELL_2_22_27",197,2019,146,"KW",49,"2,3",0
"418","TELL_2_22_24",197,2019,170,"KW",49,"2,3",0
"419","TELL_2_22_22",197,2019,197,"KW",51,"2,3",0
"420","KOUG_3_16_11",199,2019,-22,"KW",49,"2",0
"421","KOUG_3_16_14",199,2019,2,"KW",50,"2",0
"422","KOUG_3_16_10",199,2019,28,"KW",51,"2",0
"423","KOUG_3_16_8",199,2019,59,"KW",50,"2",0
"424","KOUG_3_16_6",199,2019,87,"KW",54,"2",0
"425","KOUG_3_16_4",199,2019,116,"KW",50,"2",2
"426","KOUG_3_16_3",199,2019,160,"KW",51,"3",0
"427","KOUG_3_16_2",199,2019,196,"KW",47,"3",2
"428","KOUG_3_16_1",199,2019,222,"KW",48,"3",1
"429","COUN_3_11_38",203,2019,-45,"KW",47,"2",1
"430","COUN_3_11_39",203,2019,-14,"KW",47,"2",0
"431","COUN_3_11_37",203,2019,15,"KW",48,"2",0
"432","COUN_3_11_34",203,2019,59,"KW",47,"2",0
"433","COUN_3_11_30",203,2019,85,"KW",49,"2",0
"434","COUN_3_11_25",203,2019,113,"KW",47,"2",0
"435","COUN_3_11_21",203,2019,139,"KW",47,"2",0
"436","COUN_3_11_26",203,2019,164,"KW",48,"2",0
"437","COUN_3_11_31",203,2019,192,"KW",48,"2",0
"438","COUN_3_11_35",203,2019,227,"KW",50,"2",0
"439","COUN_4_12_5",198,2019,-18,"DS",54,"2",0
"440","COUN_4_12_7",198,2019,7,"DS",54,"2",0
"441","COUN_4_12_9",198,2019,41,"DS",54,"2",0
"442","COUN_4_12_13",198,2019,76,"DS",54,"2",0
"443","COUN_4_12_15",198,2019,105,"DS",54,"2",0
"444","COUN_4_12_12",198,2019,135,"DS",54,"2",0
"445","COUN_4_12_8",198,2019,170,"DS",54,"2",0
"446","COUN_4_12_6",198,2019,203,"DS",52,"2",0
"447","COUN_4_12_4",198,2019,228,"DS",52,"2",1
"448","COUN_4_12_2",198,2019,257,"DS",54,"2",3
"449","KOUG_5_25_22",200,2019,-29,"DS",54,"2",0
"450","KOUG_5_25_20",200,2019,4,"DS",53,"2",0
"451","KOUG_5_25_19",200,2019,40,"DS",55,"2",0
"452","KOUG_5_25_17",200,2019,68,"DS",55,"2",0
"453","KOUG_5_25_15",200,2019,99,"DS",54,"2",0
"454","KOUG_5_25_11",200,2019,130,"DS",54,"2,3",0
"455","KOUG_5_25_14",200,2019,163,"DS",53,"2",0
"456","KOUG_5_25_16",200,2019,188,"DS",54,"2",0
"457","KOUG_5_25_18",200,2019,213,"DS",54,"2",0
"458","TELL_3_4_18",204,2019,-48,"DS",50,"2",2
"459","TELL_3_4_14",204,2019,-20,"DS",50,"2",1
"460","TELL_3_4_10",204,2019,11,"DS",51,"2",0
"461","TELL_3_4_7",204,2019,45,"DS",51,"2",0
"462","TELL_3_4_11",204,2019,73,"DS",51,"2",0
"463","TELL_3_4_15",204,2019,103,"DS",51,"1",1
"464","TELL_3_4_20",204,2019,139,"DS",51,"2",0
"465","TELL_3_4_24",204,2019,162,"DS",52,"2",0
"466","TELL_3_4_19",204,2019,187,"DS",52,"2",1
"467","TELL_3_4_23",204,2019,212,"DS",51,"2",0
"468","KOUG_K4_T25_19",125,2021,-23,"KW",21,"0",0
"469","KOUG_K4_T25_23",125,2021,19,"KW",20,"0",0
"470","KOUG_K4_T25_20",125,2021,55,"KW",23,"0",0
"471","KOUG_K4_T25_24",125,2021,87,"KW",31,"0",0
"472","KOUG_K4_T25_21",125,2021,125,"KW",36,"0",0
"473","KOUG_K4_T25_12",125,2021,167,"KW",44,"0",0
"474","KOUG_K4_T25_7",125,2021,226,"KW",44,"0",0
"475","KOUG_K4_T25_2",125,2021,255,"KW",40,"0",0
"476","KOUG_K4_T25_6",125,2021,286,"KW",33,"0",1
"477","KOUG_K4_T25_10",125,2021,315,"KW",29,"0",0
"478","KOUG_K4_T25_14",125,2021,342,"KW",33,"0",0
"479","KOUG_K4_T25_18",125,2021,382,"KW",43,"0",0
"480","COUN_C4_T21_1",126,2021,-36,"KW",34,"2",0
"481","COUN_C4_T21_3",126,2021,-6,"KW",36,"2",0
"482","COUN_C4_T21_4",126,2021,39,"KW",32,"1",1
"483","COUN_C4_T21_9",126,2021,71,"KW",31,"1",1
"484","COUN_C4_T21_13",126,2021,97,"KW",32,"1",1
"485","COUN_C4_T21_16",126,2021,122,"KW",32,"1",0
"486","COUN_C4_T21_19",126,2021,150,"KW",34,"1",0
"487","COUN_C4_T21_21",126,2021,182,"KW",36,"1",0
"488","COUN_C4_T21_22",126,2021,210,"KW",35,"1",0
"489","COUN_C4_T21_20",126,2021,234,"KW",32,"2",0
"490","COUN_C4_T21_18",126,2021,265,"KW",46,"1",0
"491","COUN_C4_T21_15",126,2021,296,"KW",48,"2",0
"492","COUN_C4_T21_12",126,2021,327,"KW",40,"2",0
"493","TELL_T5_T3_7",127,2021,-41,"MG",40,"0",0
"494","TELL_T5_T3_11",127,2021,12,"MG",42,"0",1
"495","TELL_T5_T3_14",127,2021,39,"MG",41,"0",1
"496","TELL_T5_T3_18",127,2021,72,"MG",42,"0",1
"497","TELL_T5_T3_13",127,2021,106,"MG",40,"0",1
"498","TELL_T5_T3_5",127,2021,161,"MG",42,"0",1
"499","TELL_T5_T3_2",127,2021,195,"MG",44,"0",1
"500","TELL_T5_T3_25",127,2021,289,"MG",44,"0",1
"501","TELL_T5_T3_29",127,2021,333,"MG",52,"0",1
"502","TELL_T5_T3_32",127,2021,374,"MG",56,"0",2
"503","TELL_T5_T3_19",127,2021,431,"MG",59,"0",1
"504","COUN_C3_T14_4",128,2021,-4,"MG",34,"0",2
"505","COUN_C3_T14_6",128,2021,40,"MG",38,"0",0
"506","COUN_C3_T14_9",128,2021,71,"MG",36,"0",0
"507","COUN_C3_T14_12",128,2021,99,"MG",34,"0",0
"508","COUN_C3_T14_13",128,2021,143,"MG",40,"0",1
"509","COUN_C3_T14_2",128,2021,231,"MG",43,"0",1
"510","COUN_C3_T14_3",128,2021,264,"MG",44,"0",2
"511","COUN_C3_T14_5",128,2021,315,"MG",40,"0",2
"512","KOUG_K4_T28_5",129,2021,-30,"KW",37,"2",0
"513","KOUG_K4_T28_4",129,2021,19,"KW",38,"2",0
"514","KOUG_K4_T28_8",129,2021,74,"KW",45,"4",0
"515","KOUG_K4_T28_11",129,2021,117,"KW",42,"2",1
"516","KOUG_K4_T28_9",129,2021,151,"KW",36,"4",0
"517","KOUG_K4_T17_18",130,2021,-24,"MG",35,"1",0
"518","KOUG_K4_T17_14",130,2021,8,"MG",35,"1",0
"519","KOUG_K4_T17_11",130,2021,35,"MG",41,"2",0
"520","KOUG_K4_T17_8",130,2021,67,"MG",39,"2",0
"521","KOUG_K4_T17_6",130,2021,100,"MG",43,"2",0
"522","KOUG_K4_T17_4",130,2021,129,"MG",43,"2",0
"523","KOUG_K4_T17_5",130,2021,172,"MG",44,"1",1
"524","KOUG_K4_T17_10",130,2021,215,"MG",45,"1",0
"525","KOUG_K4_T17_13",130,2021,246,"MG",45,"1",0
"526","KOUG_K4_T17_17",130,2021,272,"MG",45,"1",0
"527","TELL_T4_T11_16",131,2021,-16,"KW",40,"1",0
"528","TELL_T4_T11_21",131,2021,31,"KW",37,"1",0
"529","TELL_T4_T11_25",131,2021,60,"KW",34,"1",0
"530","TELL_T4_T11_30",131,2021,86,"KW",39,"1",0
"531","TELL_T4_T11_33",131,2021,117,"KW",39,"1",0
"532","TELL_T4_T11_32",131,2021,164,"KW",44,"1",0
"533","TELL_T4_T11_28",131,2021,190,"KW",43,"1",0
"534","TELL_T4_T11_23",131,2021,224,"KW",48,"1",0
"535","TELL_T4_T11_19",131,2021,257,"KW",44,"0",0
"536","TELL_T4_T11_14",131,2021,284,"KW",44,"0",0
"537","TELL_T4_T11_9",131,2021,311,"KW",47,"0",0
"538","TELL_T4_T11_4",131,2021,335,"KW",47,"0",0
"539","TELL_T4_T11_10",131,2021,362,"KW",56,"0",0
"540","KOUG_K4_T28_15",132,2021,-19,"MG",39,"0",0
"541","KOUG_K4_T28_14",132,2021,29,"MG",39,"0",0
"542","KOUG_K4_T28_18",132,2021,86,"MG",46,"0",0
"543","KOUG_K4_T28_20",132,2021,119,"MG",46,"0",0
"544","KOUG_K4_T28_21",132,2021,177,"MG",50,"0",0
"545","KOUG_K4_T28_19",132,2021,228,"MG",47,"0",0
"546","KOUG_K4_T28_17",132,2021,262,"MG",55,"0",0
"547","KOUG_K4_T28_13",132,2021,316,"MG",55,"1",0
"548","TELL_T4_T14_25",133,2021,-15,"KW",40,"1",0
"549","TELL_T4_T14_30",133,2021,17,"KW",41,"1",0
"550","TELL_T4_T14_29",133,2021,58,"KW",40,"0",0
"551","TELL_T4_T14_23",133,2021,89,"KW",38,"0",1
"552","TELL_T4_T14_18",133,2021,122,"KW",NA,"0",1
"553","TELL_T4_T14_19",133,2021,177,"KW",44,"0",0
"554","TELL_T4_T14_2",133,2021,309,"KW",60,"0",0
"555","TELL_T4_T14_5",133,2021,344,"KW",54,"0",0
"556","TELL_T4_T14_7",133,2021,372,"KW",57,"0",0
"557","TELL_T4_T14_8",133,2021,408,"KW",59,"0",0
"558","TELL_T4_T14_3",133,2021,447,"KW",59,"0",0
"559","KOUG_K3_T17_1",134,2021,-24,"MG",35,"0",1
"560","KOUG_K3_T17_2",134,2021,4,"MG",32,"0",0
"561","KOUG_K3_T17_5",134,2021,46,"MG",40,"0",0
"562","KOUG_K3_T17_8",134,2021,93,"MG",43,"0",0
"563","KOUG_K3_T17_11",134,2021,142,"MG",47,"0",1
"564","KOUG_K3_T17_18",134,2021,201,"MG",53,"0",0
"565","KOUG_K3_T17_17",134,2021,249,"MG",58,"0",0
"566","KOUG_K3_T17_13",134,2021,290,"MG",64,"0",0
"567","KOUG_K3_T17_12",134,2021,345,"MG",70,"0",0
"568","KOUG_K3_T17_9",134,2021,383,"MG",66,"0",0
"569","KOUG_K3_T17_6",134,2021,410,"MG",72,"0",0
"570","KOUG_K3_T17_4",134,2021,439,"MG",77,"0",0
"571","COUN_C5_T14_28",136,2021,-31,"KW",34,"0",1
"572","COUN_C5_T14_26",136,2021,23,"KW",33,"0",0
"573","COUN_C5_T14_29",136,2021,48,"KW",34,"0",0
"574","COUN_C5_T14_27",136,2021,77,"KW",33,"0",0
"575","COUN_C5_T14_19",136,2021,110,"KW",33,"0",1
"576","COUN_C5_T14_15",136,2021,136,"KW",36,"0",0
"577","COUN_C5_T14_10",136,2021,163,"KW",40,"0",0
"578","COUN_C5_T14_14",136,2021,194,"KW",41,"0",0
"579","COUN_C5_T14_18",136,2021,221,"KW",44,"0",0
"580","COUN_C5_T14_22",136,2021,246,"KW",44,"0",0
"581","COUN_C5_T14_25",136,2021,278,"KW",48,"0",0
"582","TELL_T3_T19_16",137,2021,-26,"MG",27,"0",1
"583","TELL_T3_T19_15",137,2021,1,"MG",27,"0",0
"584","TELL_T3_T19_14",137,2021,26,"MG",23,"0",1
"585","TELL_T3_T19_11",137,2021,55,"MG",21,"0",1
"586","TELL_T3_T19_8",137,2021,87,"MG",24,"0",1
"587","TELL_T3_T19_10",137,2021,114,"MG",36,"0",0
"588","TELL_T3_T19_13",137,2021,142,"MG",34,"0",0
"589","TELL_T3_T19_17",137,2021,204,"MG",34,"0",1
"590","TELL_T3_T19_20",137,2021,234,"MG",37,"0",0
"591","TELL_T3_T19_18",137,2021,264,"MG",38,"0",2
"592","TELL_T3_T19_21",137,2021,299,"MG",39,"0",1
"593","TELL_T3_T19_23",137,2021,328,"MG",44,"0",0
"594","KOUG_K2_T2_2",139,2021,-20,"KW",31,"2",0
"595","KOUG_K2_T2_6",139,2021,11,"KW",30,"2",0
"596","KOUG_K2_T2_3",139,2021,41,"KW",31,"2",0
"597","KOUG_K2_T2_7",139,2021,81,"KW",31,"2",0
"598","KOUG_K2_T2_4",139,2021,118,"KW",33,"2",0
"599","KOUG_K2_T2_8",139,2021,160,"KW",32,"2",0
"600","KOUG_K2_T2_11",139,2021,190,"KW",33,"2",0
"601","KOUG_K2_T2_14",139,2021,225,"KW",33,"2",0
"602","KOUG_K2_T2_10",139,2021,255,"KW",33,"2",0
"603","KOUG_K2_T2_13",139,2021,282,"KW",44,"2",0
"604","KOUG_K2_T2_9",139,2021,314,"KW",40,"2",0
"605","TELL_T5_T13_9",140,2021,-28,"MG",34,"0",0
"606","TELL_T5_T13_13",140,2021,2,"MG",35,"0",0
"607","TELL_T5_T13_17",140,2021,33,"MG",36,"0",0
"608","TELL_T5_T13_20",140,2021,63,"MG",36,"0",1
"609","TELL_T5_T13_18",140,2021,93,"MG",36,"0",0
"610","TELL_T5_T13_15",140,2021,126,"MG",34,"0",2
"611","TELL_T5_T13_11",140,2021,158,"MG",50,"0",0
"612","TELL_T5_T13_8",140,2021,189,"MG",49,"0",0
"613","TELL_T5_T13_5",140,2021,218,"MG",47,"0",0
"614","TELL_T5_T13_2",140,2021,248,"MG",48,"0",1
"615","TELL_T5_T13_1",140,2021,311,"MG",54,"0",0
"616","TELL_T5_T13_4",140,2021,341,"MG",50,"0",0
"617","TELL_T5_T13_6",140,2021,373,"MG",58,"0",0
"618","KOUG_K2_T22_20",143,2021,-15,"MG",37,"2",0
"619","KOUG_K2_T22_13",143,2021,48,"MG",36,"2",1
"620","KOUG_K2_T22_9",143,2021,80,"MG",39,"2",0
"621","KOUG_K2_T22_6",143,2021,111,"MG",34,"2",0
"622","KOUG_K2_T22_4",143,2021,143,"MG",36,"2",0
"623","KOUG_K2_T22_2",143,2021,172,"MG",37,"2",0
"624","KOUG_K2_T22_1",143,2021,207,"MG",38,"2",0
"625","KOUG_K2_T22_3",143,2021,237,"MG",37,"2",0
"626","TELL_T1_T15_23",145,2021,-28,"KW",39,"0",0
"627","TELL_T1_T15_26",145,2021,2,"KW",40,"0",0
"628","TELL_T1_T15_24",145,2021,29,"KW",39,"0",0
"629","TELL_T1_T15_27",145,2021,61,"KW",42,"0",0
"630","TELL_T1_T15_25",145,2021,94,"KW",40,"0",2
"631","TELL_T1_T15_22",145,2021,123,"KW",44,"0",0
"632","TELL_T1_T15_18",145,2021,151,"KW",42,"0",0
"633","TELL_T1_T15_14",145,2021,181,"KW",48,"0",1
"634","TELL_T1_T15_17",145,2021,214,"KW",49,"0",2
"635","TELL_T1_T15_13",145,2021,243,"KW",50,"0",2
"636","TELL_T1_T15_16",145,2021,273,"KW",50,"0",1
"637","TELL_T1_T15_12",145,2021,302,"KW",54,"0",1
"638","TELL_T1_T15_15",145,2021,331,"KW",56,"0",1
"639","TELL_T1_T15_19",145,2021,362,"KW",59,"0",1
"640","TELL_T2_T21_16",146,2021,-34,"MG",43,"0",2
"641","TELL_T2_T21_20",146,2021,-5,"MG",41,"1",1
"642","TELL_T2_T21_23",146,2021,28,"MG",42,"0",1
"643","TELL_T2_T21_21",146,2021,55,"MG",43,"0",3
"644","TELL_T2_T21_24",146,2021,81,"MG",44,"0",2
"645","TELL_T2_T21_22",146,2021,114,"MG",47,"0",1
"646","TELL_T2_T21_18",146,2021,145,"MG",47,"0",1
"647","TELL_T2_T21_14",146,2021,180,"MG",48,"0",0
"648","TELL_T2_T21_10",146,2021,212,"MG",48,"0",2
"649","TELL_T2_T21_7",146,2021,248,"MG",51,"0",1
"650","TELL_T2_T21_9",146,2021,284,"MG",53,"0",2
"651","TELL_T2_T21_12",146,2021,310,"MG",53,"0",2
"652","TELL_T4_T21_12",148,2021,-7,"KW",39,"0",0
"653","TELL_T4_T21_9",148,2021,25,"KW",41,"0",0
"654","TELL_T4_T21_11",148,2021,56,"KW",42,"0",0
"655","TELL_T4_T21_14",148,2021,91,"KW",44,"0",2
"656","TELL_T4_T21_16",148,2021,120,"KW",42,"0",1
"657","TELL_T4_T21_19",148,2021,155,"KW",47,"0",3
"658","TELL_T4_T21_22",148,2021,187,"KW",45,"0",3
"659","TELL_T4_T21_24",148,2021,217,"KW",46,"0",3
"660","TELL_T4_T21_23",148,2021,245,"KW",51,"0",3
"661","TELL_T4_T21_21",148,2021,283,"KW",53,"0",3
"662","TELL_T4_T21_18",148,2021,324,"KW",56,"0",1
"663","TELL_T4_T21_15",148,2021,355,"KW",56,"0",1
"664","KOUG_K5_T27_2",149,2021,-17,"MG",42,"0",1
"665","KOUG_K5_T27_3",149,2021,9,"MG",41,"0",2
"666","KOUG_K5_T27_6",149,2021,39,"MG",39,"0",0
"667","KOUG_K5_T27_9",149,2021,69,"MG",45,"0",0
"668","KOUG_K5_T27_5",149,2021,104,"MG",42,"0",2
"669","KOUG_K5_T27_8",149,2021,141,"MG",41,"0",1
"670","KOUG_K5_T27_12",149,2021,175,"MG",43,"0",3
"671","KOUG_K5_T27_15",149,2021,203,"MG",47,"0",1
"672","KOUG_K5_T27_17",149,2021,248,"MG",46,"0",0
"673","KOUG_K5_T27_13",149,2021,300,"MG",50,"0",0
"674","COUN_C2_T12_1",150,2021,-22,"KW",40,"1",0
"675","COUN_C2_T12_2",150,2021,16,"KW",37,"1",3
"676","COUN_C2_T12_3",150,2021,48,"KW",40,"0",1
"677","COUN_C2_T12_6",150,2021,83,"KW",41,"0",1
"678","COUN_C2_T12_8",150,2021,117,"KW",42,"0",2
"679","COUN_C2_T12_18",150,2021,221,"KW",41,"0",3
"680","COUN_C2_T12_14",150,2021,254,"KW",45,"0",3
"681","COUN_C2_T12_10",150,2021,282,"KW",46,"0",3
"682","COUN_C4_T16_17",151,2021,-28,"MG",38,"0",0
"683","COUN_C4_T16_21",151,2021,3,"MG",41,"0",0
"684","COUN_C4_T16_18",151,2021,30,"MG",42,"0",0
"685","COUN_C4_T16_22",151,2021,56,"MG",46,"0",0
"686","COUN_C4_T16_19",151,2021,87,"MG",48,"0",0
"687","COUN_C4_T16_15",151,2021,113,"MG",55,"0",0
"688","COUN_C4_T16_10",151,2021,143,"MG",50,"0",0
"689","COUN_C4_T16_5",151,2021,173,"MG",51,"0",0
"690","COUN_C4_T16_9",151,2021,202,"MG",56,"0",0
"691","COUN_C4_T16_13",151,2021,230,"MG",60,"0",0
"692","TELL_T4_T16_1",153,2021,-22,"KW",30,"2",3
"693","TELL_T4_T16_7",153,2021,34,"KW",33,"2",3
"694","TELL_T4_T16_12",153,2021,68,"KW",36,"2",1
"695","TELL_T4_T16_17",153,2021,106,"KW",33,"2",3
"696","TELL_T4_T16_13",153,2021,138,"KW",36,"2",2
"697","TELL_T4_T16_18",153,2021,168,"KW",36,"2",2
"698","TELL_T4_T16_14",153,2021,200,"KW",38,"2",3
"699","TELL_T4_T16_10",153,2021,231,"KW",37,"2",2
"700","TELL_T4_T16_5",153,2021,261,"KW",38,"2",2
"701","TELL_T4_T16_9",153,2021,293,"KW",40,"2",1
"702","TELL_T4_T16_4",153,2021,341,"KW",42,"2",3
"703","KOUG_K1_T28_26",154,2021,266,"MG",42,"2",0
"704","KOUG_K1_T28_21",154,2021,304,"MG",34,"2",0
"705","KOUG_K1_T28_17",154,2021,336,"MG",33,"2",0
"706","KOUG_K1_T28_14",154,2021,372,"MG",34,"2",0
"707","KOUG_K1_T28_11",154,2021,403,"MG",34,"2",0
"708","KOUG_K1_T28_8",154,2021,440,"MG",32,"2",0
"709","KOUG_K1_T28_5",154,2021,471,"MG",36,"2",0
"710","KOUG_K1_T28_2",154,2021,501,"MG",37,"2",0
"711","KOUG_K1_T28_6",154,2021,528,"MG",37,"2",0
"712","KOUG_K1_T28_3",154,2021,558,"MG",37,"2",0
"713","KOUG_K2_T7_7",155,2021,-39,"MG",34,"1",0
"714","KOUG_K2_T7_12",155,2021,1,"MG",36,"1",0
"715","KOUG_K2_T7_6",155,2021,39,"MG",32,"1",0
"716","KOUG_K2_T7_2",155,2021,68,"MG",35,"1",0
"717","KOUG_K2_T7_5",155,2021,103,"MG",35,"1",0
"718","KOUG_K2_T7_10",155,2021,136,"MG",36,"1",0
"719","KOUG_K2_T7_14",155,2021,164,"MG",43,"2",2
"720","KOUG_K2_T7_11",155,2021,197,"MG",35,"2",2
"721","KOUG_K2_T7_15",155,2021,234,"MG",41,"2",1
"722","KOUG_K2_T7_18",155,2021,264,"MG",38,"2",1
"723","KOUG_K2_T7_16",155,2021,294,"MG",40,"2",1
"724","COUN_C1_T20_21",158,2021,16,"KW",36,"2",0
"725","COUN_C1_T20_17",158,2021,42,"KW",35,"3,4",0
"726","COUN_C1_T20_12",158,2021,69,"KW",34,"3,4",0
"727","COUN_C1_T20_7",158,2021,106,"KW",32,"3,4",0
"728","COUN_C1_T20_11",158,2021,136,"KW",32,"2,4",0
"729","COUN_C1_T20_6",158,2021,164,"KW",32,"3,4",1
"730","COUN_C1_T20_10",158,2021,196,"KW",32,"3,4",1
"731","COUN_C1_T20_14",158,2021,222,"KW",32,"3,4",0
"732","COUN_C1_T20_18",158,2021,252,"KW",34,"3,4",2
"733","COUN_C1_T20_19",158,2021,288,"KW",33,"3,4",1
"734","KOUG_K5_T17_12",160,2021,-32,"MG",42,"2,3",0
"735","KOUG_K5_T17_9",160,2021,-1,"MG",42,"2,3",0
"736","KOUG_K5_T17_13",160,2021,32,"MG",43,"2,3",1
"737","KOUG_K5_T17_16",160,2021,66,"MG",40,"2,3",1
"738","KOUG_K5_T17_18",160,2021,103,"MG",42,"2,3",0
"739","KOUG_K5_T17_21",160,2021,143,"MG",42,"2",2
"740","KOUG_K5_T17_24",160,2021,175,"MG",39,"2",1
"741","KOUG_K5_T17_25",160,2021,221,"MG",41,"2",0
"742","KOUG_K5_T17_23",160,2021,257,"MG",40,"2,4",1
"743","KOUG_K5_T17_17",160,2021,309,"MG",40,"2",0
"744","COUN_C1_T13_7",161,2021,-16,"KW",44,"2",0
"745","COUN_C1_T13_10",161,2021,16,"KW",43,"2",1
"746","COUN_C1_T13_14",161,2021,53,"KW",41,"2",1
"747","COUN_C1_T13_19",161,2021,96,"KW",41,"2",0
"748","COUN_C1_T13_23",161,2021,142,"KW",38,"2",1
"749","COUN_C1_T13_18",161,2021,183,"KW",38,"2",0
"750","COUN_C1_T13_12",161,2021,214,"MG",42,"2",0
"751","COUN_C1_T13_8",161,2021,244,"MG",41,"2",0
"752","COUN_C1_T13_5",161,2021,273,"MG",43,"2",0
"753","COUN_C1_T13_3",161,2021,303,"MG",42,"2",0
"754","COUN_C1_T13_6",161,2021,330,"MG",47,"2",0
"755","COUN_C1_T13_4",161,2021,383,"MG",58,"2",0
"756","TELL_T2_T2_31",162,2021,-11,"MG",41,"1",0
"757","TELL_T2_T2_36",162,2021,18,"MG",41,"2",1
"758","TELL_T2_T2_30",162,2021,48,"MG",40,"2",1
"759","TELL_T2_T2_25",162,2021,75,"MG",39,"2",1
"760","TELL_T2_T2_19",162,2021,102,"MG",40,"2",1
"761","TELL_T2_T2_14",162,2021,131,"MG",41,"2",0
"762","TELL_T2_T2_9",162,2021,160,"MG",43,"2",1
"763","TELL_T2_T2_5",162,2021,189,"MG",44,"2",0
"764","TELL_T2_T2_10",162,2021,219,"MG",47,"2",0
"765","TELL_T2_T2_15",162,2021,244,"MG",45,"2",0
"766","TELL_T2_T2_20",162,2021,270,"MG",46,"2",0
"767","TELL_T2_T2_26",162,2021,295,"MG",44,"2",1
"768","COUN_C3_T3_10",164,2021,12,"KW",45,"4",0
"769","COUN_C3_T3_7",164,2021,40,"KW",44,"2",0
"770","COUN_C3_T3_11",164,2021,73,"KW",42,"2",0
"771","COUN_C3_T3_15",164,2021,101,"KW",44,"2",0
"772","COUN_C3_T3_18",164,2021,130,"KW",45,"2",0
"773","COUN_C3_T3_21",164,2021,159,"KW",45,"2",0
"774","COUN_C3_T3_19",164,2021,190,"KW",50,"2",0
"775","COUN_C3_T3_16",164,2021,224,"KW",50,"2",0
"776","COUN_C3_T3_12",164,2021,254,"KW",47,"2",0
"777","COUN_C3_T3_8",164,2021,284,"KW",46,"3,4",0
"778","COUN_C3_T3_4",164,2021,312,"KW",45,"4",0
"779","KOUG_K1_T9_6",167,2021,-6,"MG",46,"1",1
"780","KOUG_K1_T9_9",167,2021,23,"MG",46,"1",0
"781","KOUG_K1_T9_13",167,2021,52,"MG",51,"2",0
"782","KOUG_K1_T9_18",167,2021,84,"MG",50,"2",0
"783","KOUG_K1_T9_21",167,2021,120,"MG",54,"2",0
"784","KOUG_K1_T9_23",167,2021,149,"MG",51,"2",0
"785","KOUG_K1_T9_24",167,2021,181,"MG",49,"2",0
"786","KOUG_K1_T9_22",167,2021,215,"MG",51,"2",0
"787","KOUG_K1_T9_19",167,2021,245,"MG",52,"2",0
"788","KOUG_K1_T9_15",167,2021,273,"MG",51,"2",0
"789","KOUG_K2_T26_17",168,2021,-18,"KW",46,"0",1
"790","KOUG_K2_T26_13",168,2021,17,"KW",45,"0",0
"791","KOUG_K2_T26_9",168,2021,50,"KW",44,"0",0
"792","KOUG_K2_T26_12",168,2021,84,"KW",42,"0",0
"793","KOUG_K2_T26_15",168,2021,125,"KW",47,"0",0
"794","KOUG_K2_T26_18",168,2021,163,"KW",48,"0",1
"795","KOUG_K2_T26_21",168,2021,197,"KW",50,"0",1
"796","KOUG_K2_T26_19",168,2021,231,"KW",50,"0",1
"797","KOUG_K2_T26_16",168,2021,259,"KW",54,"0",0
"798","KOUG_K2_T26_20",168,2021,295,"KW",51,"0",1
"799","TELL_T1_T7_18",170,2021,-41,"MG",47,"1",0
"800","TELL_T1_T7_13",170,2021,-11,"MG",50,"1",0
"801","TELL_T1_T7_8",170,2021,19,"MG",54,"1",0
"802","TELL_T1_T7_12",170,2021,51,"MG",42,"1",0
"803","TELL_T1_T7_17",170,2021,79,"MG",47,"0",0
"804","TELL_T1_T7_21",170,2021,109,"MG",47,"0",0
"805","TELL_T1_T7_24",170,2021,141,"MG",57,"0",0
"806","TELL_T1_T7_26",170,2021,170,"MG",61,"0",0
"807","TELL_T1_T7_28",170,2021,202,"MG",53,"0",0
"808","TELL_T1_T7_27",170,2021,229,"MG",58,"0",0
"809","TELL_T1_T7_25",170,2021,256,"MG",55,"0",0
"810","TELL_T1_T7_22",170,2021,284,"MG",60,"0",0
"811","TELL_T2_T14_22",171,2021,-20,"KW",51,"0",3
"812","TELL_T2_T14_26",171,2021,9,"KW",50,"0",3
"813","TELL_T2_T14_29",171,2021,37,"KW",47,"0",3
"814","TELL_T2_T14_27",171,2021,65,"KW",47,"0",3
"815","TELL_T2_T14_23",171,2021,91,"KW",51,"0",3
"816","TELL_T2_T14_18",171,2021,120,"KW",54,"0",2
"817","TELL_T2_T14_13",171,2021,151,"KW",56,"0",0
"818","TELL_T2_T14_7",171,2021,187,"KW",56,"0",0
"819","TELL_T2_T14_12",171,2021,223,"KW",57,"0",1
"820","KOUG_K4_T11_11",173,2021,-32,"MG",49,"0",1
"821","KOUG_K4_T11_10",173,2021,20,"MG",47,"0,3",0
"822","KOUG_K4_T11_6",173,2021,49,"MG",45,"0",0
"823","KOUG_K4_T11_9",173,2021,78,"MG",52,"0",0
"824","KOUG_K4_T11_12",173,2021,108,"MG",53,"0",2
"825","KOUG_K4_T11_15",173,2021,138,"MG",55,"0",0
"826","KOUG_K4_T11_17",173,2021,165,"MG",62,"0",1
"827","KOUG_K4_T11_19",173,2021,193,"MG",64,"0",0
"828","KOUG_K4_T11_18",173,2021,224,"MG",66,"0",0
"829","KOUG_K4_T11_16",173,2021,252,"MG",64,"0",0
"830","KOUG_K4_T11_13",173,2021,278,"MG",65,"0",0
"831","KOUG_K4_T7_1",181,2021,-40,"MG",51,"2",1
"832","KOUG_K4_T7_4",181,2021,-6,"MG",51,"2",0
"833","KOUG_K4_T7_7",181,2021,20,"MG",48,"2,3",0
"834","KOUG_K2_T29_14",183,2021,-45,"KW",55,"2",1
"835","KOUG_K2_T29_11",183,2021,-14,"KW",56,"2",0
"836","KOUG_K2_T29_6",183,2021,20,"KW",56,"2",0
"837","KOUG_K2_T29_10",183,2021,61,"KW",57,"2",1
"838","KOUG_K2_T29_13",183,2021,101,"KW",56,"2",0
"839","KOUG_K2_T29_16",183,2021,135,"KW",55,"2",0
"840","KOUG_K2_T29_20",183,2021,172,"KW",56,"2",0
"841","TELL_T4_T11_27",185,2021,11,"MG",48,"2",0
"842","TELL_T4_T15_1",187,2021,-65,"MG",50,"2,4",0
"843","TELL_T4_T15_2",187,2021,-36,"MG",50,"2,4",0
"844","TELL_T4_T15_5",187,2021,-5,"MG",47,"2,4",0
"845","TELL_T4_T15_12",187,2021,27,"MG",45,"2,4",0
"846","TELL_T4_T15_16",187,2021,58,"MG",45,"2,3",0
"847","TELL_T4_T15_13",187,2021,86,"MG",45,"2,3,4",0
"848","TELL_T4_T15_9",187,2021,112,"MG",45,"2,3,4",0
"849","TELL_T4_T15_3",187,2021,146,"MG",48,"2",0
"850","TELL_T4_T15_20",187,2021,181,"MG",46,"2",0
"851","TELL_T4_T15_21",187,2021,200,"MG",46,"2",0
"852","KOUG_K3_T28_10",188,2021,-29,"KW",49,"2",0
"853","KOUG_K3_T28_7",188,2021,13,"KW",49,"2",0
"854","KOUG_K3_T28_4",188,2021,55,"KW",48,"2",0
"855","KOUG_K3_T28_2",188,2021,94,"KW",46,"2",0
"856","KOUG_K5_T4_23",189,2021,-11,"MG",49,"2",0
"857","KOUG_K5_T4_21",189,2021,21,"MG",45,"2",0
"858","KOUG_K5_T4_19",189,2021,51,"MG",44,"2",0
"859","KOUG_K5_T4_22",189,2021,78,"MG",46,"2",0
"860","KOUG_K5_T4_20",189,2021,112,"MG",46,"2",2
"861","KOUG_K5_T4_17",189,2021,143,"MG",47,"2",0
"862","KOUG_K5_T4_15",189,2021,177,"MG",46,"2",0
"863","KOUG_K5_T4_12",189,2021,201,"MG",48,"2",0
"864","KOUG_K5_T4_14",189,2021,227,"MG",49,"2",0
"865","KOUG_K5_T4_16",189,2021,253,"MG",51,"2",0
"866","TELL_T2_T1_1",191,2021,-45,"KW",47,"0",1
"867","TELL_T2_T1_2",191,2021,-9,"KW",50,"0",0
"868","TELL_T2_T1_5",191,2021,22,"KW",47,"3",0
"869","TELL_T2_T1_8",191,2021,51,"KW",46,"0",2
"870","TELL_T2_T1_12",191,2021,80,"KW",46,"3,0",1
"871","TELL_T2_T1_14",191,2021,108,"KW",45,"0",0
"872","TELL_T2_T1_11",191,2021,137,"KW",45,"0",2
"873","TELL_T2_T1_4",191,2021,173,"KW",52,"0",1
"874","TELL_T2_T1_20",191,2021,225,"KW",56,"3",0
"875","TELL_T2_T1_23",191,2021,261,"KW",55,"0",1
"876","TELL_T2_T1_24",191,2021,289,"KW",57,"0",2
"877","TELL_T2_T1_22",191,2021,319,"KW",56,"1",2
"878","COUN_C2_T21_13",193,2021,-50,"MG",50,"0",0
"879","COUN_C2_T21_9",193,2021,-25,"MG",51,"0",0
"880","COUN_C2_T21_5",193,2021,0,"MG",48,"0",0
"881","COUN_C2_T21_3",193,2021,25,"MG",43,"0",2
"882","COUN_C2_T21_1",193,2021,50,"MG",49,"0",0
"883","COUN_C2_T21_2",193,2021,74,"MG",51,"0",0
"884","COUN_C2_T21_4",193,2021,105,"MG",55,"0",0
"885","COUN_C2_T21_8",193,2021,131,"MG",53,"0",0
"886","COUN_C2_T21_12",193,2021,159,"MG",57,"0",0
"887","COUN_C2_T21_17",193,2021,185,"MG",58,"0",1
"888","COUN_C2_T21_15",193,2021,221,"MG",55,"0",0
"889","COUN_C2_T21_14",193,2021,244,"MG",55,"0",0
"890","TELL_T3_T6_9",194,2021,-6,"KW",53,"1",2
"891","TELL_T3_T6_13",194,2021,20,"KW",54,"0",1
"892","TELL_T3_T6_17",194,2021,47,"KW",51,"1",1
"893","TELL_T3_T6_20",194,2021,76,"KW",52,"0",1
"894","TELL_T3_T6_22",194,2021,103,"KW",54,"0",3
"895","TELL_T3_T6_23",194,2021,137,"KW",56,"0",1
"896","TELL_T3_T6_24",194,2021,164,"KW",56,"0",1
"897","TELL_T3_T6_21",194,2021,196,"KW",56,"0",2
"898","TELL_T3_T6_18",194,2021,223,"KW",57,"0",1
"899","TELL_T3_T6_15",194,2021,249,"KW",56,"0",2
"900","TELL_T3_T6_8",194,2021,281,"KW",56,"0",1
"901","TELL_T3_T6_12",194,2021,304,"KW",56,"0",1
"902","COUN_C5_T20_7",196,2021,-25,"MG",50,"2",1
"903","COUN_C5_T20_11",196,2021,9,"MG",50,"2",1
"904","COUN_C5_T20_14",196,2021,34,"MG",50,"2",0
"905","COUN_C5_T20_17",196,2021,60,"MG",50,"2",0
"906","COUN_C5_T20_13",196,2021,88,"MG",49,"2",0
"907","COUN_C5_T20_9",196,2021,113,"MG",50,"2",1
"908","COUN_C5_T20_5",196,2021,141,"MG",50,"2",1
"909","COUN_C5_T20_2",196,2021,167,"MG",51,"2",0
"910","COUN_C5_T20_1",196,2021,198,"MG",49,"2",3
"911","COUN_C5_T20_4",196,2021,240,"MG",49,"2",2
"912","KOUG_K2_T10_3",197,2021,-23,"KW",52,"2",0
"913","KOUG_K2_T10_7",197,2021,9,"KW",50,"2",0
"914","KOUG_K2_T10_11",197,2021,36,"KW",53,"2",0
"915","KOUG_K2_T10_15",197,2021,64,"KW",47,"2",0
"916","KOUG_K2_T10_19",197,2021,89,"KW",47,"3",0
